ak,data/usa/ak
al,data/usa/al
ar,data/usa/ar
as,data/asm
az,data/usa/az
ca,data/usa/ca
co,data/usa/co
ct,data/usa/ct
dc,data/usa/dc
de,data/usa/de
fl,data/usa/fl
fm,data/fsm/
ga,data/usa/ga
gu,data/gum
hi,data/usa/hi
ia,data/usa/ia
id,data/usa/id
il,data/usa/il
in,data/usa/in
ks,data/usa/ks
ky,data/usa/ky
la,data/usa/la
ma,data/usa/ma
md,data/usa/md
me,data/usa/me
mh,data/mhl
mi,data/usa/mi
mn,data/usa/mn
mo,data/usa/mo
mp,data/mnp
ms,data/usa/ms
mt,data/usa/mt
nc,data/usa/nc
nd,data/usa/nd
ne,data/usa/ne
nh,data/usa/nh
nj,data/usa/nj
nm,data/usa/nm
nv,data/usa/nv
ny,data/usa/ny
oh,data/usa/oh
ok,data/usa/ok
or,data/usa/or
pa,data/usa/pa
pr,data/usa/pr
pw,data/plw
ri,data/usa/ri
sc,data/usa/sc
sd,data/usa/sd
tn,data/usa/tn
tx,data/usa/tx
um,data/umi
ut,data/usa/ut
va,data/usa/va
vi,data/vir
vt,data/usa/vt
wa,data/usa/wa
wi,data/usa/wi
wv,data/usa/wv
wy,data/usa/wy
